sensor_video_id,db_video_id,mt,z_std,z_rms,z_peak_to_peak,acc_mag_rms,speed,iri_est,iri_log,iri_pred
7160157877,331,1,0.3504402119497299,0.4069189827639766,1.2039093300700188,7.896071019105404,12.3581,0.0,0.0,0.15190351136080568
7160157877,331,2,0.4072499093896959,0.419961717700379,1.8460791110992432,0.6325416017959479,12.3581,0.0,0.0,0.11431250553062762
7160157877,331,3,0.9521996667331366,2.4540310179507365,6.034809827804565,2.6828756859991243,12.3581,0.0,0.0,0.040072081335499075
7160157877,331,4,0.9521996667331366,2.4540310179507365,6.034809827804565,2.6828756859991243,12.3581,0.0,0.0,0.040072081335499075
7160157877,331,5,1.3263762588341617,1.6231991968734838,6.6909708976745605,2.677551089759068,12.3581,0.0,0.0,0.1281018447863895
7160157877,331,6,2.2235239793521746,2.3053339282452003,10.719664096832275,4.300862005887281,12.3581,0.0,0.0,0.04026007659865291
7160157877,331,7,2.1827319575931763,2.2780952149085385,11.584943771362305,4.14657330188773,12.3581,0.0,0.0,0.016238456229061882
7160157877,331,8,2.028719026783234,2.2391634441235264,11.632677555084229,3.745035156467866,12.3581,0.0,0.0,0.009984624094411275
7160157877,331,9,2.028719026783234,2.2391634441235264,11.632677555084229,3.745035156467866,12.3581,0.0,0.0,0.009984624094411275
7160157877,331,10,1.7407629895274552,1.8617897592808288,10.26005220413208,3.258350770608095,12.3581,0.0,0.0,0.023837149465620953
7160157877,331,11,1.6217829278552085,1.7496247115520338,9.104775190353394,2.855983756458268,12.3581,0.0,0.0,0.036588885116397005
7160157877,331,12,1.8716478199935649,1.9031299160667592,9.473332405090332,3.1817670354968097,12.3581,0.0,0.0,0.028753324435739334
7160157877,331,13,1.8896592905240983,1.9221324856009687,10.29327154159546,3.1853737912588302,12.3581,0.0,0.0,0.007003894819288926
7160157877,331,14,1.8896592905240983,1.9221324856009687,10.29327154159546,3.1853737912588302,12.3581,0.0,0.0,0.007003894819288926
7160157877,331,15,1.5447018670387869,1.5503813457393238,8.076539993286133,2.776204251401991,12.3581,0.0,0.0,0.06287096833984795
7160157877,331,16,1.807307149424268,1.8073072984610623,10.400187492370604,2.898410107366149,12.3581,0.0,0.0,0.015786732478431823
7160157877,331,17,1.8674914091566408,1.8706044236784647,9.189619541168211,2.9298795288832067,12.3581,0.0,0.0,0.021187191017414148
7160157877,331,18,1.6020075919170778,1.6051388350823723,7.57787299156189,2.537831580761872,12.3581,0.0,0.0,0.08637594842352174
7160157877,331,19,1.636128450418601,1.639663250986347,8.379631280899048,2.572543761431531,12.3581,0.0,0.0,0.0353890360843339
7160157877,331,20,1.636128450418601,1.639663250986347,8.379631280899048,2.572543761431531,12.3581,0.0,0.0,0.0353890360843339
7160157877,331,21,1.684050289141012,1.686682355770018,8.207398414611816,3.0459884164244606,12.3581,0.0,0.0,0.008822347835979402
7160157877,331,22,1.4604049098331455,1.4613973489704166,7.952265977859497,2.4023647042106338,12.3581,0.0,0.0,0.08915664531555006
7160157877,331,23,1.881412413911372,1.908943625166715,11.414132118225098,3.0824084611302207,12.3581,0.0,0.0,0.002895391270004528
7160157877,331,24,1.881412413911372,1.908943625166715,11.414132118225098,3.0824084611302207,12.3581,0.0,0.0,0.002895391270004528
7160157877,331,25,2.8928232425860485,2.9389819022064883,12.392388343811035,4.5330761140177245,12.3581,0.0,0.0,0.23217424034654288
7160157877,331,26,1.9890827861212417,2.00039032025488,10.29439401626587,3.2125667464987853,12.3581,0.0,0.0,0.01985169138549629
7160157877,331,27,1.749050146213568,1.767517009393059,8.249895095825195,2.9374429645440348,12.3581,0.0,0.0,0.016705631748302873
7160157877,331,34,2.6484574891297217,2.693969728564144,18.19376373291016,4.847278410244535,9.6697,1.9008,1.0649865610184497,0.838135385075556
7160157877,331,35,2.6484574891297217,2.693969728564144,18.19376373291016,4.847278410244535,9.6697,1.9008,1.0649865610184497,0.838135385075556
7160157877,331,36,1.638353605974228,1.6768293447030194,8.583512306213379,2.635609150921778,19.2232,1.6917,0.9901729642648595,0.8421293393228348
7160157877,331,37,1.5805614637689946,1.581358830174791,8.583213090896606,2.9858248559346072,27.2747,1.822,1.0374458534306223,1.9756576021391479
7160157877,331,38,1.6138799236026529,1.6168886890890946,8.731578826904297,2.93203193955536,27.2747,1.822,1.0374458534306223,1.8767952064489237
7160157877,331,39,1.6138799236026529,1.6168886890890946,8.731578826904297,2.93203193955536,27.2747,1.822,1.0374458534306223,1.8767952064489237
7160157877,331,40,1.642559414792143,1.6454961389250278,8.548871517181396,2.629779568839539,27.2747,1.822,1.0374458534306223,1.924363408827778
7160157877,331,41,1.939245958208444,1.9461859699927,10.74300765991211,2.932657348142054,27.2747,1.822,1.0374458534306223,1.9575940874340012
7160157877,331,42,1.8364065768539544,1.852223098103969,12.161497116088867,3.0837066529567,29.6799,1.912,1.0688401303344395,2.052211875920543
7160157877,331,43,1.8584372034242096,1.8934451176392584,10.791490077972412,2.920268062039854,29.6799,1.912,1.0688401303344395,1.9594037243006333
7160157877,331,44,1.8584372034242096,1.8934451176392584,10.791490077972412,2.920268062039854,29.6799,1.912,1.0688401303344395,1.9594037243006333
7160157877,331,45,1.5793239181037155,1.6890281262240925,8.921244621276855,2.742121363246857,29.6799,1.912,1.0688401303344395,2.1036688331033777
7160157877,331,46,2.235095784047961,2.2813549606039154,11.167080402374268,3.962608665637032,29.6799,1.912,1.0688401303344395,2.1624880972775933
7160157877,331,47,2.132632767329123,2.132795302313597,12.053234577178957,3.9184508633195394,29.6799,1.912,1.0688401303344395,1.9334065116812202
7160157877,331,48,2.108862361973925,2.111047844246793,11.280879974365234,3.559988181882699,29.6799,1.912,1.0688401303344395,1.966868449725137
7160157877,331,49,2.108862361973925,2.111047844246793,11.280879974365234,3.559988181882699,29.6799,1.912,1.0688401303344395,1.966868449725137
7160157877,331,50,1.4720361437059806,1.4726923215327132,7.785794258117676,2.3405193236665265,29.6799,1.912,1.0688401303344395,1.9638020627789579
7160157877,331,51,1.674207924797926,1.6770979176364271,10.986318111419678,2.968738249181828,29.6799,1.912,1.0688401303344395,1.9380159260363943
7160157877,331,52,1.8798218850954689,1.8867482651078071,9.765649318695068,3.537942866283139,31.9561,3.9401,1.5973855739099259,3.04564871481893
7160157877,331,53,2.0546044309204863,2.095067017622513,11.15234088897705,3.614485864591632,31.9561,3.9401,1.5973855739099259,3.1541276784599237
7160157877,331,54,1.387501950109265,1.4022218059417422,7.287127017974853,2.2129399409596195,31.9561,3.9401,1.5973855739099259,3.3385949505056027
7160157877,331,55,1.387501950109265,1.4022218059417422,7.287127017974853,2.2129399409596195,31.9561,3.9401,1.5973855739099259,3.3385949505056027
7160157877,331,56,1.6086908167347798,1.6118865606772408,8.473079681396484,2.589458873618712,31.9561,3.9401,1.5973855739099259,3.5100750599436417
7160157877,331,57,1.6781876853147597,1.679152786461032,9.319879055023192,2.741032938308758,33.5639,3.9544,1.600276070641714,3.088917658241855
7160157877,331,58,1.5828896656018845,1.5985910612705452,8.017732858657837,2.4719042793251496,33.5639,3.9544,1.600276070641714,3.009524869814636
7160157877,331,59,1.7378201072120083,1.7983299605127847,10.57459020614624,2.600658589248248,33.5639,3.9544,1.600276070641714,3.69809314354276
7160157877,331,60,1.7378201072120083,1.7983299605127847,10.57459020614624,2.600658589248248,33.5639,3.9544,1.600276070641714,3.69809314354276
7160157877,331,61,1.5471001185563438,1.6919151755264596,10.421361446380615,2.4885794686605647,33.5639,3.9544,1.600276070641714,3.180248741507504
7160157877,331,62,1.6408201316838311,1.6543175845109606,7.46459698677063,3.012569053032187,34.2381,4.2905,1.6659127593620793,3.1118628446782717
7160157877,331,63,1.3672299832757606,1.398801454331251,7.94096827507019,2.6536222643406666,34.2381,4.2905,1.6659127593620793,3.3975270895011613
7160157877,331,64,2.348817454452042,2.3538984174562043,12.17294454574585,3.994464326587794,34.2381,4.2905,1.6659127593620793,3.4811792535456423
7160157877,331,65,2.348817454452042,2.3538984174562043,12.17294454574585,3.994464326587794,34.2381,4.2905,1.6659127593620793,3.4811792535456423
7160157877,331,66,1.80843819989732,1.8733187604688109,10.29559087753296,3.276058875991606,34.2381,4.2905,1.6659127593620793,2.906689907759184
7160157877,331,67,1.673448751678217,1.7574733369913866,10.10899305343628,3.031929410418204,34.1168,1.8019,1.0302977584842363,2.0917024213683106
7160157877,331,68,2.5441076404911818,2.702518761485473,17.325191497802734,4.650867156346996,34.1168,1.8019,1.0302977584842363,2.170228227011938
7160157877,331,69,2.758731260243727,2.837579067640397,17.95890712738037,5.094173431886091,33.7278,1.9589,1.0848175776459204,2.1137333983414304
7160157877,331,70,2.758731260243727,2.837579067640397,17.95890712738037,5.094173431886091,33.7278,1.9589,1.0848175776459204,2.1137333983414304
7160157877,331,71,2.4075157637265407,2.407831187403854,12.835016250610352,4.249853252652457,33.7278,1.9589,1.0848175776459204,2.238098778642118
7160157877,331,72,2.1575095265414848,2.15980831819733,12.381314754486084,3.9345510869975824,33.3782,1.967,1.0875513413086848,2.1360616361216405
7160157877,331,73,2.247647197414271,2.247671189688829,13.466486930847168,4.505550964781195,33.3782,1.967,1.0875513413086848,2.3705661007244383
7160157877,331,74,2.418082182148864,2.502287743306352,12.3667254447937,4.439737677101839,33.3782,1.967,1.0875513413086848,2.3529893701776166
7160157877,331,75,1.90133618128428,1.9227711146737867,10.2939453125,3.4520496330935644,33.3912,1.6134,0.9606520555729087,1.8098267338250635
7160157877,331,76,1.90133618128428,1.9227711146737867,10.2939453125,3.4520496330935644,33.3912,1.6134,0.9606520555729087,1.8098267338250635
7160157877,331,77,2.36126233509787,2.3647710005259426,13.078476428985596,3.911074815555145,33.4485,1.7368,1.0067893546812579,2.034527056071063
7160157877,331,78,2.755167091107768,2.763040124409072,14.854525089263916,4.568231866690946,33.4485,1.7368,1.0067893546812579,2.0973159984035545
7160157877,331,79,1.839346961547268,1.856184140589093,10.694524765014648,2.9182520756459494,33.4485,1.7368,1.0067893546812579,1.8331405498022226
7160157877,331,80,1.839346961547268,1.856184140589093,10.694524765014648,2.9182520756459494,33.4485,1.7368,1.0067893546812579,1.8331405498022226
7160157877,331,81,2.0629053745272463,2.069452947905346,10.757746696472168,3.6163562149097537,33.4485,1.7368,1.0067893546812579,2.1069785611006497
7160157877,331,82,2.0423224430809874,2.0537736038009298,13.334057331085203,3.3372419180961788,33.1795,1.4098,0.879543756507039,1.9741099907110766
7160157877,331,83,1.7208848594810957,1.8905168989411285,8.859743118286133,3.050923213770396,33.1795,1.4098,0.879543756507039,1.822856058828103
7160157877,331,84,1.5487372814858258,1.9746908116517805,8.408361673355103,2.920750274281204,33.1795,1.4098,0.879543756507039,1.9687454340527046
7160157877,331,85,1.9800296497823853,2.437133081413669,10.587459325790403,3.2630979102807083,33.1795,1.4098,0.879543756507039,1.591147560090599
7160157877,331,86,1.9800296497823853,2.437133081413669,10.587459325790403,3.2630979102807083,33.1795,1.4098,0.879543756507039,1.591147560090599
7160157877,331,87,1.9374209052600484,2.484701467289573,11.147253513336182,3.728174877589532,32.7274,1.5417,0.9328331484934664,1.947317962598965
7160157877,331,88,1.236104799215035,2.062145845814264,6.46823513507843,2.683060020089638,32.7274,1.5417,0.9328331484934664,1.8603745662376312
7160157877,331,89,0.7452575793196451,1.6492565478280126,3.9644239097833633,2.089601074645463,32.7274,1.5417,0.9328331484934664,1.646072279987945
7160157877,331,90,0.8308127334463205,2.128617626828247,4.14271704852581,2.3635882468840657,32.7274,1.5417,0.9328331484934664,1.587462883564732
7160157877,331,91,0.8308127334463205,2.128617626828247,4.14271704852581,2.3635882468840657,32.7274,1.5417,0.9328331484934664,1.587462883564732
7160157877,331,92,0.4484936544378842,2.382594206137731,2.1475989818573,2.496061589095065,32.2852,1.9006,1.0649176121440125,1.7435795911027094
7337141204,332,34,1.8842279710295249,1.885300448480599,12.04807186126709,3.5432673894779305,5.1486,0.0,0.0,0.015597874547343536
7337141204,332,35,3.7820901781098697,3.782427437259863,19.13273906707764,6.753534010391351,5.1486,0.0,0.0,0.3356933759593232
7337141204,332,36,3.7820901781098697,3.782427437259863,19.13273906707764,6.753534010391351,5.1486,0.0,0.0,0.3356933759593232
7337141204,332,37,3.587999342131348,3.605086615565168,19.82982635498047,6.148155788578052,5.1486,0.0,0.0,0.3622928165925484
7337141204,332,38,1.830459918700832,2.034795916276714,10.685097694396973,3.081803547132378,5.1486,0.0,0.0,0.025405276125114232
7337141204,332,39,1.73097612996501,1.780003147832178,8.207996845245361,2.7670263311983203,5.1486,0.0,0.0,0.03456489923919921
7337141204,332,40,1.701839650243717,1.7368572414145564,10.440515041351318,3.0311987966512177,5.1486,0.0,0.0,0.03322571122367278
7337141204,332,41,1.8644460273582983,1.8648424374613009,10.345345497131348,2.7678011337951944,5.1486,0.0,0.0,0.021075821794393625
7337141204,332,42,1.8644460273582983,1.8648424374613009,10.345345497131348,2.7678011337951944,5.1486,0.0,0.0,0.021075821794393625
7337141204,332,43,1.727139469227284,1.727382926570113,11.658939361572266,2.94466908367038,5.1486,0.0,0.0,0.024555144051686253
7337141204,332,44,1.6333204355168816,1.6470910452508272,8.631097078323364,2.7346451757213326,5.1486,0.0,0.0,0.029973764732266806
7337141204,332,45,2.218558462997267,2.26315205434921,12.357298374176024,3.8414504455372,17.4085,0.0,0.0,0.021672656873893924
7337141204,332,46,2.0629146364549613,2.0899754317196724,12.748002052307127,3.7161904185846057,17.4085,0.0,0.0,0.016327892071143907
7337141204,332,47,1.865517312211517,1.8658110204669656,10.483311653137209,3.1089508151895626,17.4085,0.0,0.0,0.002640688917359168
7337141204,332,48,1.865517312211517,1.8658110204669656,10.483311653137209,3.1089508151895626,17.4085,0.0,0.0,0.002640688917359168
7337141204,332,49,1.4994658206281608,1.4995469100498555,8.59885025024414,2.456063388851905,17.4085,0.0,0.0,0.11402744725516725
7337141204,332,50,1.8543357887026808,1.8869833648876269,9.343671321868896,3.073926072877332,18.2215,0.0,0.0,0.02609819479968535
7337141204,332,51,2.6047969155819635,2.6061660712711365,14.683040618896484,4.674630448216448,18.2215,0.0,0.0,0.2365725213664592
7337141204,332,52,1.884085846567637,1.982280046821052,10.433631896972656,3.394499338267838,18.2215,0.0,0.0,0.041087077033586224
7337141204,332,53,1.7727513043161598,1.8457348085482927,9.640552043914797,2.957975675405404,18.2215,0.0,0.0,0.015176428862897195
7337141204,332,54,1.7727513043161598,1.8457348085482927,9.640552043914797,2.957975675405404,18.2215,0.0,0.0,0.015176428862897195
7337141204,332,55,1.9320514578390824,1.9501495608796664,10.1660795211792,3.200628733071966,19.0426,0.0,0.0,0.2887737932509897
7337141204,332,56,2.056649432117179,2.0718587763267005,12.522871971130373,3.45474548961357,25.1843,1.3844,0.8689475203636344,1.5646284210900618
7337141204,332,57,2.0255163787255013,2.0264727376465146,10.519000053405762,3.3114579027072386,25.1843,1.3844,0.8689475203636344,1.7350033665504
7337141204,332,58,1.892048378721504,1.914883719054056,9.733103513717651,3.262708595131214,25.1843,1.3844,0.8689475203636344,1.7221058007090617
7337141204,332,59,2.070165442971164,2.101249478209124,9.53401017189026,3.88305724774356,25.1843,1.3844,0.8689475203636344,1.6634540191465406
7337141204,332,60,2.070165442971164,2.101249478209124,9.53401017189026,3.88305724774356,26.2059,1.6001,0.9555499058262719,1.6849682740473928
7337141204,332,61,1.7638767514299236,1.7719081667542649,9.105672597885132,2.824874467857247,26.2059,1.6001,0.9555499058262719,1.9835885813815035
7337141204,332,62,1.5298667407957245,1.5408220981903489,8.249371767044067,2.4852072949765085,26.2059,1.6001,0.9555499058262719,1.8272447159113994
7337141204,332,63,1.4024014106557012,1.4894899330554932,8.482806205749512,2.860366722267873,26.2059,1.6001,0.9555499058262719,1.9389260871428835
7337141204,332,64,2.01337490070994,2.03164353075184,11.306018829345703,3.923508866736898,26.2059,1.6001,0.9555499058262719,1.7479220886954692
7337141204,332,65,1.966933947232976,1.9679661571385327,9.512462615966797,4.295045516051967,26.9347,1.583,0.9489515141137034,1.84009608962383
7337141204,332,66,2.058163864843967,2.073924990739235,11.677195072174072,4.131955986048293,26.9347,1.583,0.9489515141137034,1.6931845733264081
7337141204,332,67,2.058163864843967,2.073924990739235,11.677195072174072,4.131955986048293,26.9347,1.583,0.9489515141137034,1.6931845733264081
7337141204,332,68,1.9708987710083168,2.0212097347425253,12.581754684448242,3.562280814321088,27.8337,2.0143,1.1033676307519698,1.91019281817751
7337141204,332,69,1.815849478043977,1.8407653722347048,10.123058795928957,3.4023082104302227,27.8337,2.0143,1.1033676307519698,2.0279976809030504
7337141204,332,70,3.355455984939569,3.356763898425924,14.9182710647583,5.833307230266599,29.5966,1.8536,1.0485813550625447,2.2694595839993412
7337141204,332,71,2.111507468574155,2.117838921253789,12.48710870742798,3.697391405174441,29.5966,1.8536,1.0485813550625447,1.9356891800596063
7337141204,332,72,1.6904165164956244,1.6912186914060503,9.40060806274414,2.9624999191972834,29.5966,1.8536,1.0485813550625447,1.955090744770133
7337141204,332,73,1.6241517314789138,1.626798490528222,8.085742712020874,2.770311129903148,29.5966,1.8536,1.0485813550625447,1.957243388549744
7337141204,332,74,1.6241517314789138,1.626798490528222,8.085742712020874,2.770311129903148,29.5966,1.8536,1.0485813550625447,1.957243388549744
7337141204,332,75,1.2480306869435207,1.263133734709902,6.306701421737671,2.2661523798205785,30.3413,1.6108,0.9596566877789253,1.865527035547197
7337141204,332,76,1.682670741782254,1.6827506849119744,10.368239879608154,2.861129295608326,30.3413,1.6108,0.9596566877789253,2.0158037748654447
7337141204,332,77,1.917818529860274,1.9188076193002224,9.736095905303957,3.365866275767594,30.3413,1.6108,0.9596566877789253,2.0656856338550664
7337141204,332,78,1.6260528583333336,1.6473542735685405,8.140959024429321,2.53973711745728,30.3413,1.6108,0.9596566877789253,2.0716787814460162
7337141204,332,79,1.6329405543672648,1.6372919308989946,7.766640901565552,2.725472100148573,30.5627,1.9891,1.094972338747514,2.1649751216787427
7337141204,332,80,1.6329405543672648,1.6372919308989946,7.766640901565552,2.725472100148573,30.5627,1.9891,1.094972338747514,2.1649751216787427
7337141204,332,81,1.9726572792876085,1.981100086218319,10.006267070770264,3.443388301941342,30.1912,2.1836,1.1580126319495574,2.4255674349178022
7337141204,332,82,1.855175074076844,1.8773386580748472,11.77977180480957,3.1747261776803533,30.1912,2.1836,1.1580126319495574,2.3228088234504254
7337141204,332,83,1.869569915979128,1.92181271520533,10.694599628448486,3.2113855223913963,30.1912,2.1836,1.1580126319495574,2.3148765368800075
7337141204,332,84,1.6121012633091258,1.919289411190588,9.294664859771729,3.0172622520446266,30.1912,2.1836,1.1580126319495574,2.3863839538255496
7337141204,332,85,2.310684635856008,2.47077397674092,11.430293083190918,4.145742090160073,29.9296,6.7056,2.0419473372522554,4.659305507133333
7337141204,332,86,2.3279962499026072,2.4402136142635578,13.432294368743896,4.657263653783901,29.9296,6.7056,2.0419473372522554,5.606482125796844
7337141204,332,87,2.3279962499026072,2.4402136142635578,13.432294368743896,4.657263653783901,29.9296,6.7056,2.0419473372522554,5.606482125796844
7337141204,332,88,2.267749463471562,2.5052908912024057,15.75235080718994,3.955353131920055,29.9296,6.7056,2.0419473372522554,4.381104020714883
7337141204,332,89,1.3305509679821337,1.5526990224495714,7.451354026794434,2.7040083877824315,29.9296,6.7056,2.0419473372522554,3.951171393977398
7337141204,332,90,1.789413590691972,1.8552386170842528,11.02851629257202,3.2332173502040846,29.691,2.1405,1.1443820229122983,2.1920129081596897
7337141204,332,91,1.5428352478387404,1.7155241692208554,8.378209352493286,3.8667057529089095,29.691,2.1405,1.1443820229122983,2.2175761809579013
7337141204,332,92,1.5428352478387404,1.7155241692208554,8.378209352493286,3.8667057529089095,29.691,2.1405,1.1443820229122983,2.2175761809579013
7337141204,332,93,1.8042517213267857,2.342647407463935,10.460267066955566,3.735305125686973,29.691,2.1405,1.1443820229122983,2.1774557904867664
7337141204,332,94,1.7999928936619365,1.905774716905452,9.069310665130615,3.0677575166918705,29.691,2.1405,1.1443820229122983,2.2201066887493015
7337141204,332,95,2.0733035074562727,2.099809019593604,11.450718402862549,3.9023840724684487,28.9103,2.0174,1.104395533423837,1.9732084218388963
7337141204,332,96,1.4376384479751807,1.565132915655978,7.110180377960205,2.690761364751728,28.934,1.8439,1.0451763495787834,2.292927870688985
7337141204,332,97,2.057596506984917,2.199573415225358,10.676942348480225,5.3716369284800445,28.934,1.8439,1.0451763495787834,2.2468671564585385
7337141204,332,98,2.057596506984917,2.199573415225358,10.676942348480225,5.3716369284800445,28.934,1.8439,1.0451763495787834,2.2468671564585385
7337141204,332,99,2.0385552399930216,2.2037406366591696,11.326743602752686,3.413906698834834,28.934,1.8439,1.0451763495787834,1.9574697011750657
7337141204,332,100,2.4833307164384326,2.5076133894816834,12.876166343688965,4.115483631068532,28.9203,1.9663,1.0873153849258126,2.191898596024074
7337141204,332,101,1.4040286274409266,1.4507564983785506,7.2148518562316895,2.2340024690852363,28.9203,1.9663,1.0873153849258126,2.096021063418343
7337141204,332,102,1.375941222924495,1.3795294146028072,6.862081527709961,2.1597807975762,28.9203,1.9663,1.0873153849258126,2.212670915069022
7337141204,332,103,1.5553646832200017,1.5553731109850306,7.954959630966186,2.4394232617881744,28.9203,1.9663,1.0873153849258126,2.0534654817738383
7337141204,332,104,1.3827630511036195,1.3838848772564865,7.81145715713501,2.194262807571196,28.9203,1.9663,1.0873153849258126,1.9341018477086687
7337141204,332,105,1.3827630511036195,1.3838848772564865,7.81145715713501,2.194262807571196,28.8842,1.7582,1.0145782930581002,1.9040904718975935
7337141204,332,106,1.578538534484616,1.7615916618557588,7.949796915054321,2.61947883979328,28.8842,1.7582,1.0145782930581002,2.0456164761120754
7337141204,332,107,1.6497046732253071,2.411376633314069,7.99723207950592,3.531442845092552,28.8842,1.7582,1.0145782930581002,2.106073709956196
7337141204,332,108,2.0720156105550087,2.239614826867596,9.960103273391724,4.0862323339077165,28.8842,1.7582,1.0145782930581002,2.0026657484237034
7337141204,332,109,1.797924940400228,1.9352915308122285,11.557335376739502,4.384829801897516,28.8842,1.7582,1.0145782930581002,1.9028867951440747
7337141204,332,110,2.266569114471544,2.2739743385611844,12.46705722808838,4.387527935915608,28.7271,1.7667,1.0176552742546348,1.8520881681283319
7337141204,332,111,2.266569114471544,2.2739743385611844,12.46705722808838,4.387527935915608,28.7271,1.7667,1.0176552742546348,1.8520881681283319
7337141204,332,112,4.456964432156185,4.484189025918752,23.947254180908203,8.338205064676544,28.7271,1.7667,1.0176552742546348,2.4400939443220335
7337141204,332,113,3.125883101555885,3.5327264786442605,15.939172744750977,5.9713271667213705,28.7271,1.7667,1.0176552742546348,2.1960686775856546
7337141204,332,114,2.332665822391157,2.604261864259619,14.904728889465332,4.560563988109975,28.7271,1.7667,1.0176552742546348,2.5847885624626166
7337141204,332,115,1.8732928692422848,2.072354064685338,11.40096378326416,3.2723873987920102,27.613,1.9089,1.0677750028479416,1.9297633791890814
7337141204,332,116,2.454989612104804,2.5011139777775924,15.951892852783203,4.408760661246488,27.613,1.9089,1.0677750028479416,2.070961024699614
7337141204,332,117,2.454989612104804,2.5011139777775924,15.951892852783203,4.408760661246488,27.613,1.9089,1.0677750028479416,2.070961024699614
7337141204,332,118,1.4051908861001356,1.4793488842101774,8.298452854156494,2.430682532998264,27.613,1.9089,1.0677750028479416,1.9171091955691768
7337141204,332,119,1.4825375428475809,1.503174414406618,8.287230014801025,2.23254228711566,27.613,1.9089,1.0677750028479416,1.879397317967829
7337141204,332,120,1.8381867789897992,1.86280938054294,8.567575931549072,2.8321232306032527,27.3819,1.7437,1.009307374440675,1.9997670593543684
7337141204,332,121,3.1671268751662955,3.1751653448611594,17.714473724365234,5.316919520811622,27.3819,1.7437,1.009307374440675,2.557766467548878
7337141204,332,122,2.4489073340398178,2.465431653843698,12.224419593811035,3.591309506729833,27.3819,1.7437,1.009307374440675,1.8506136485759814
7337141204,332,123,2.4489073340398178,2.465431653843698,12.224419593811035,3.591309506729833,27.3819,1.7437,1.009307374440675,1.8506136485759814
7337141204,332,124,1.699861640746974,1.7208150957920532,9.456722259521484,2.6236520789593785,27.3819,1.7437,1.009307374440675,2.0642733682862455
7337141204,332,125,1.590236038468837,1.6087354224811343,9.24835205078125,2.4856428182647683,27.057,1.9064,1.0669152019248551,2.022475553928657
7337141204,332,126,1.8927133966215088,1.8928023511962304,15.480459213256836,3.060483469801745,27.057,1.9064,1.0669152019248551,2.012437607646615
7337141204,332,127,1.5497061664029552,1.5511023706092528,7.642142057418823,2.663397591561762,27.057,1.9064,1.0669152019248551,2.0763528412007366
7337141204,332,128,1.8365644722016417,1.8409580631744524,9.29152250289917,2.8553227592954937,27.057,1.9064,1.0669152019248551,1.926631499402725
7337141204,332,129,1.3082428025763422,1.3169081020925133,7.515024900436401,2.03852471549688,27.057,1.9064,1.0669152019248551,2.03030890195618
7337141204,332,130,1.3082428025763422,1.3169081020925133,7.515024900436401,2.03852471549688,26.5629,2.0402,1.111923302727782,2.0522460083972547
7337141204,332,131,1.8414492728045564,1.841484481978645,12.435857772827148,2.86543898882373,26.5629,2.0402,1.111923302727782,1.9415725746951278
7337141204,332,132,2.500302268219415,2.500377470041612,12.76917552947998,3.928783037187743,26.5629,2.0402,1.111923302727782,2.1165333157965964
7337141204,332,133,2.78458888312928,2.7846334784248388,15.778462886810305,4.5855550257999536,26.5629,2.0402,1.111923302727782,2.4504362676734366
7337141204,332,134,1.6734240152745452,1.6816123794451887,8.60311484336853,2.663209427434081,26.5629,2.0402,1.111923302727782,1.9813904738836352
7337141204,332,135,1.3409799663226012,1.354877546940218,8.163105249404907,2.1529108751448627,25.6284,1.5059,0.9186479514478333,2.0313727115471982
7337141204,332,136,1.3409799663226012,1.354877546940218,8.163105249404907,2.1529108751448627,23.3509,2.0392,1.1115943228912788,2.170431773547989
7337141204,332,137,1.5873571713781691,1.5957286652106144,8.370502948760986,2.486476167740559,23.3509,2.0392,1.1115943228912788,2.318913782505671
7337141204,332,138,1.6832155382676892,1.6987280639516775,9.327585220336914,2.864517740521984,23.3509,2.0392,1.1115943228912788,2.2669170274147294
7337141204,332,139,1.605526836529836,1.6150817056118916,9.104251384735107,2.66138510448358,23.3509,2.0392,1.1115943228912788,2.407599469647508
7337141204,332,140,2.138253927409856,2.1412933032785646,11.93816328048706,3.134980150512941,24.8464,1.5614,0.9405539840098343,1.831357856184777
7337141204,332,141,1.8108519467748647,1.813051806133388,9.812335968017578,2.938182444435264,24.8464,1.5614,0.9405539840098343,1.718514225323236
7337141204,332,142,1.8108519467748647,1.813051806133388,9.812335968017578,2.938182444435264,24.8464,1.5614,0.9405539840098343,1.718514225323236
7337141204,332,143,2.208462298981369,2.2120865017698708,11.930456638336182,3.832503605951318,24.8464,1.5614,0.9405539840098343,1.8532176627705623
7337141204,332,144,2.055371983803851,2.0623576103354684,13.272855758666992,3.4938997085004093,24.8464,1.5614,0.9405539840098343,1.7241485662097729
7337141204,332,145,1.742392307314254,1.7560865481844634,9.155876159667969,2.88477435345164,26.4455,1.9112,1.068565367315813,1.957810952950668
7337141204,332,146,1.8200481841138705,1.834610583958152,9.356988906860352,3.3268164374492355,26.4455,1.9112,1.068565367315813,1.981754004727366
7337141204,332,147,2.263418334740124,2.2999578918838472,11.633874893188477,4.124237937004957,26.4455,1.9112,1.068565367315813,1.9535161272814583
7337141204,332,148,2.263418334740124,2.2999578918838472,11.633874893188477,4.124237937004957,26.4455,1.9112,1.068565367315813,1.9535161272814583
7337141204,332,149,2.2980798687120605,2.3196471329492687,13.007698059082031,4.062299112485433,26.4455,1.9112,1.068565367315813,2.1465358234399505
7337141204,332,150,2.001049811369372,2.02335027374627,13.704410076141356,3.2169858445565,27.8704,1.6188,0.9627161975847992,1.7460967701444847
7337141204,332,151,1.926498121616672,1.9266345656851431,12.473791122436523,2.955617928686016,27.8704,1.6188,0.9627161975847992,1.8484526131269687
7337141204,332,152,2.041688215506095,2.0544769800396288,10.226009368896484,3.262458255919405,27.8704,1.6188,0.9627161975847992,1.8321890102634502
7337141204,332,153,1.658197499977048,1.691536140289112,10.11123752593994,2.6949763032241782,27.8704,1.6188,0.9627161975847992,1.7493132230228206
7337141204,332,154,1.658197499977048,1.691536140289112,10.11123752593994,2.6949763032241782,27.8704,1.6188,0.9627161975847992,1.7493132230228206
7337141204,332,155,1.4229902806204804,1.4231125360391426,7.398981094360352,2.8730019897706778,28.8358,1.7341,1.0058023140776255,2.0679015885868073
7337141204,332,156,1.720364982079262,1.7697452167768202,10.711209297180176,3.1529413829995923,28.8358,1.7341,1.0058023140776255,1.9494347752310648
7337141204,332,157,1.0037521127374245,1.902482957661464,5.176787614822388,2.231361651818256,28.8358,1.7341,1.0058023140776255,1.8501413204050783
7337141204,332,158,0.8896842999464124,1.1359953985829796,4.614150285720825,1.4930444519256016,28.8358,1.7341,1.0058023140776255,1.7409720352396438
7337141204,332,159,0.66075139507411,1.654159461289863,3.237559258937836,1.8856049339320444,28.8358,1.7341,1.0058023140776255,1.8451495820736357
7337141204,332,160,0.6842334256239404,1.57986823918634,3.705625742673874,1.8080986457237,29.4154,1.9498,1.0817373714432648,1.9554647624306862
7337141204,332,161,0.6842334256239404,1.57986823918634,3.705625742673874,1.8080986457237,29.4154,1.9498,1.0817373714432648,1.9554647624306862
7337141204,332,162,0.4366863043748905,1.757260864973668,2.069936990737915,1.899196604973466,29.4154,1.9498,1.0817373714432648,1.8428652509305268
7337141204,332,163,0.4335088474510903,1.491334428968041,1.955688714981079,1.6077726903038911,29.4154,1.9498,1.0817373714432648,1.914217712488711
3300056911,339,6,0.4977652986044494,1.9080394307079125,2.3487865924835205,2.0337389288937984,18.1751,0.0,0.0,0.08590820461392691
3300056911,339,7,0.762210326450735,1.7721095869900645,3.812317371368408,2.02382648173954,18.1751,0.0,0.0,0.11250116138714993
3300056911,339,8,0.8923577068917641,1.240190581239054,4.671087503433228,1.9049565388273768,18.1751,0.0,0.0,0.07335886685042846
3300056911,339,9,0.8923577068917641,1.240190581239054,4.671087503433228,1.9049565388273768,19.3229,0.0,0.0,0.3366442808487886
3300056911,339,10,0.9356723744120022,1.241364343259392,4.804938435554504,1.827572286990934,27.0004,1.866,1.0529173294059802,1.7405371544726411
3300056911,339,11,1.1325937149500465,1.72141121626017,7.05833101272583,2.293858892050628,27.0004,1.866,1.0529173294059802,2.152412870098436
3300056911,339,12,1.105095059092907,1.6475335577327537,6.201581001281738,2.460169240834109,27.0004,1.866,1.0529173294059802,2.0318493772766515
3300056911,339,13,1.1267759729515132,1.281886688265536,6.259939670562744,2.078775793848553,30.3886,1.6776,0.9849208709149798,1.8685023393791917
3300056911,339,14,1.5271053616479968,1.5458152284775557,9.712976932525637,2.5225353483504693,32.1856,3.9515,1.5996905609792202,3.372819018949129
3300056911,339,15,1.5271053616479968,1.5458152284775557,9.712976932525637,2.5225353483504693,32.1856,3.9515,1.5996905609792202,3.372819018949129
3300056911,339,16,1.6227062968610306,1.6255753314178851,7.482777833938599,2.569540367490786,33.4669,2.1141,1.1359401859340874,2.3912062463113233
3300056911,339,17,1.8323313989870225,1.8328063563296173,9.887080192565918,2.93187659390844,34.8848,1.7044,0.9948800762343858,1.970093230929642
3300056911,339,18,2.139313812501087,2.14673219701207,10.139444351196287,3.496262080276771,35.5942,2.1879,1.159362392807387,2.196253424712032
3300056911,339,19,1.8099738140140715,1.811367118305265,9.748141765594482,2.8420815409810443,35.8923,2.5703,1.2726496258743667,2.8187940800286717
3300056911,339,20,1.8099738140140715,1.811367118305265,9.748141765594482,2.8420815409810443,36.1167,4.7154,1.7431642860485943,3.338356580902433
3300056911,339,21,1.4156438159266922,1.420549860067168,6.9924156665802,2.153893734731726,36.1167,4.7154,1.7431642860485943,3.9710123824868244
3300056911,339,22,1.94688236797752,1.9578373038332304,9.91745662689209,3.16195209091523,36.1167,4.7154,1.7431642860485943,3.1795559489521077
3300056911,339,23,2.267040688455906,2.278406723179936,11.53848123550415,3.785980067995825,37.1401,2.1729,1.1546459961888842,2.0851938811556887
3300056911,339,24,1.5466586974081196,1.54743930550229,8.984167098999023,2.7436389296418886,37.1401,2.1729,1.1546459961888842,3.4457074113358654
3300056911,339,25,1.6005776869324764,1.6024249580746648,9.439589023590088,2.515526410599743,37.7019,3.3295,1.4654520619057188,3.3674475981739187
3300056911,339,26,1.6005776869324764,1.6024249580746648,9.439589023590088,2.515526410599743,37.7019,3.3295,1.4654520619057188,3.3674475981739187
3300056911,339,27,1.755329447478009,1.755994384257875,7.677680969238281,2.5034428440592813,37.6184,4.1623,1.6413822166166054,3.5441296628938286
3300056911,339,28,1.6073268434805663,1.6103148239753402,7.881562232971191,2.5234264072770034,37.5475,2.9607,1.376420777321592,3.135958365809823
3300056911,339,29,1.8226902960229063,1.8267304427451048,9.360280990600586,3.0326141210476982,37.2556,1.9409,1.0787156569536531,2.109329355875623
3300056911,339,30,1.726570177587352,1.7268075291876228,10.452112197875977,2.805236377665372,36.7509,8.2781,2.2276567844564212,4.4127777625545175
3300056911,339,31,1.5020768157381756,1.5035778423441322,9.062352895736694,2.7316017665999697,36.7509,8.2781,2.2276567844564212,5.840635990854197
3300056911,339,32,1.5020768157381756,1.5035778423441322,9.062352895736694,2.7316017665999697,36.2277,6.2749,1.9844300672586157,5.608903132242975
3300056911,339,33,2.093841007330733,2.095729237880637,12.327520370483398,3.7329646969168375,35.6006,3.3715,1.4751061996388086,2.615274135642999
3300056911,339,34,1.9572918685299023,1.957730851745335,10.90985345840454,3.292034450251381,35.1863,1.9994,1.0984122686654427,2.2398508527649557
3300056911,339,35,1.9544445633824392,1.95496062091306,9.89014768600464,3.705234740629006,34.831,2.4131,1.2276209692316435,2.5780711251211335
3300056911,339,36,2.093486099589658,2.095525078466281,12.791246891021729,3.4367592309064774,34.831,2.4131,1.2276209692316435,2.4209583638940515
3300056911,339,37,2.093486099589658,2.095525078466281,12.791246891021729,3.4367592309064774,34.524,2.1303,1.1411288466044331,2.4065721761820513
3300056911,339,38,1.6709718336622343,1.679448419848721,9.801562786102297,2.7095692544220693,34.7661,2.0337,1.1097829966702817,2.2816573289558373
3300056911,339,39,2.654352731793708,2.6732980539490976,14.545523643493652,4.24602166749787,35.0915,5.2171,1.8273035600862615,3.144796433077616
3300056911,339,40,2.693421027270895,2.696192090433073,13.349919319152832,4.426885764838889,35.3263,3.7176,1.5513001957041572,2.833975055033959
3300056911,339,41,3.134504940758296,3.136174967843848,17.21932315826416,5.935030531779153,36.1197,2.7897,1.332286860288536,2.5666502237919553
3300056911,339,42,3.6803286762355407,3.681709645870412,20.71732711791992,6.969728941921556,36.4735,3.7189,1.5515757215894377,3.547178664689074
3300056911,339,43,3.6803286762355407,3.681709645870412,20.71732711791992,6.969728941921556,36.231,4.6641,1.734148011602796,3.5578871500223537
3300056911,339,44,3.5431626000950107,3.543214596722223,21.622933387756348,6.798431243042552,36.1982,3.3118,1.4613554503417696,3.255832302837537
3300056911,339,45,3.795858557866583,3.796386114322062,23.6666841506958,5.777226110307833,36.6771,3.1128,1.4141040617591578,2.8098856556258864
3300056911,339,46,1.8453706441754896,1.849555473550481,11.724181175231934,3.3788944329563666,36.6771,3.1128,1.4141040617591578,2.778724919269013
3300056911,339,47,2.9406226681640577,2.94191731613363,16.792780876159668,5.643016527560553,36.6308,1.9468,1.0807198358265215,2.2552180289684456
3300056911,339,48,2.9406226681640577,2.94191731613363,16.792780876159668,5.643016527560553,36.5782,2.121,1.1381534632886423,2.2563546086049184
3300056911,339,49,2.170588610786636,2.1706353517576704,10.84094524383545,4.10613199339017,36.1533,5.3005,1.840628995327611,3.1501866602877824
3300056911,339,50,1.562391769795223,1.569674735569046,8.338780164718628,2.544299782047028,35.5884,2.4207,1.2298452084933287,2.653285410126075
3300056911,339,51,1.6077971177983188,1.6166409047639618,9.796250343322754,2.588581309397754,35.5884,2.4207,1.2298452084933287,2.6878742315037236
3300056911,339,52,1.870258936496559,1.8945897221691856,11.109619617462158,2.949795554183821,35.0794,3.9074,1.5907442699868464,2.893537721036159
3300056911,339,53,2.0198173077111896,2.0420245907407524,10.039037227630615,3.3850849462847337,34.6534,3.8753,1.5841816410179355,3.2093310929101726
3300056911,339,54,2.0198173077111896,2.0420245907407524,10.039037227630615,3.3850849462847337,34.1302,3.9312,1.5955823661436597,3.2048091604549205
3300056911,339,55,3.425204608623064,3.4452813899800416,18.971729278564453,6.29155496999384,33.6988,4.2508,1.6583804459471152,3.7406904285223
3300056911,339,56,3.4643111653149594,3.5049819035576446,23.23131275177002,6.546798807489646,33.6988,4.2508,1.6583804459471152,3.7070884248790765
3300056911,339,57,3.406600672311741,3.43266460115188,17.959430694580078,6.938551882236867,33.6988,4.2508,1.6583804459471152,3.7826881400288235
3300056911,339,58,4.804337159996431,4.831885018913057,26.77952003479004,8.981463952076986,33.0477,5.0937,1.807255450602153,4.445146192373739
3300056911,339,59,4.804337159996431,4.831885018913057,26.77952003479004,8.981463952076986,31.4292,5.14,1.814824742159051,4.652064297748615
3300056911,339,60,5.004697242839418,5.04452554099051,22.313735008239743,10.537852717897664,31.4292,5.14,1.814824742159051,4.440761832103339
3300056911,339,61,4.03318035014106,4.122232026896627,27.594746589660645,6.974103772820711,30.7792,3.8473,1.578421848902911,3.4093981290085003
3300056911,339,62,2.330934127332035,2.475656044144415,18.68203020095825,5.012128430044704,30.4929,4.9989,1.7915761190871118,4.742098237750968
3300056911,339,63,2.507891942797053,2.6764726513613497,12.388048648834229,4.917474633010254,30.3498,4.2833,1.6645509024870122,3.649893729325301
3300056911,339,64,2.507891942797053,2.6764726513613497,12.388048648834229,4.917474633010254,30.3637,2.1614,1.151014967461158,3.5803910500146863
3300056911,339,65,4.520204023257282,4.5972368983556455,19.8987340927124,8.175638157782007,30.5712,2.9513,1.3740446386909735,3.0144349226164344
3300056911,339,66,4.485180715830881,4.5657704793290845,25.73138332366944,9.261103907096675,30.5712,2.9513,1.3740446386909735,3.1841264401939595
3300056911,339,67,2.929784400056995,3.056811477544032,16.471883296966553,5.364579285314612,31.5201,6.9624,2.074730461949717,4.088740839413757
3300056911,339,68,2.4599703648436253,2.653938623113252,12.381165027618408,4.876793616069672,32.0096,7.3767,2.1254540421870742,4.960867104028343
3300056911,339,69,2.4599703648436253,2.653938623113252,12.381165027618408,4.876793616069672,31.9518,4.1114,1.6314733392947127,4.959885264831844
3300056911,339,70,2.6159631945567603,2.9344561952857937,11.297938823699951,5.06966573590757,31.9476,5.6356,1.892449093235983,4.42684612744778
3300056911,339,71,1.6090785997077306,2.0165721087934907,8.398260831832886,3.056522181197071,31.9476,5.6356,1.892449093235983,3.367331772036305
3300056911,339,72,2.2851773215688285,2.3985943773623792,10.401384830474854,3.952316229264473,32.1192,6.6456,2.034130318969833,4.260481400720179
3300056911,339,73,1.850179022361805,1.8959727856535689,9.995866775512695,3.026867616785907,31.8518,4.9461,1.7827355424634115,3.221337721616873
3300056911,339,74,1.850179022361805,1.8959727856535689,9.995866775512695,3.026867616785907,31.873,2.4656,1.2428857778245344,3.121282978695559
3300056911,339,75,1.5966090937833557,1.626175758124499,10.010606050491331,2.698942012257069,31.7616,2.1101,1.1346548800150391,2.6432530828223144
3300056911,339,76,1.849439601847372,1.8588385460712955,9.57014799118042,2.930587027905149,31.7616,2.1101,1.1346548800150391,2.357245592312348
3300056911,339,77,1.939681148762124,1.9398474748997927,11.7909197807312,3.301614409418402,31.7719,1.9799,1.091889742907283,2.2921535715449384
3300056911,339,78,1.8358494194676696,1.8478729609601816,9.735796451568604,3.1617741208833845,31.882,2.8323,1.3434651451444695,2.6639961194920376
3300056911,339,79,1.871928665621536,1.887751121287761,9.442132949829102,3.4049478358781813,31.7938,2.4121,1.227327937523516,2.557754199205708
3300056911,339,80,2.037862767924499,2.0550849581257133,11.631855010986328,3.509842972056888,31.5716,4.7375,1.7470235753866634,3.636543664959893
3300056911,339,81,2.037862767924499,2.0550849581257133,11.631855010986328,3.509842972056888,31.5716,4.7375,1.7470235753866634,3.636543664959893
3300056911,339,82,2.387293309441446,2.482599407664932,14.405836582183838,4.49563320534153,31.5716,4.7375,1.7470235753866634,3.938281983501282
3300056911,339,83,2.3299547619949244,2.424990306563705,14.496741771697998,4.2055520639379065,30.4989,4.1671,1.6423116027078601,3.9530259703562898
3300056911,339,84,2.5307087845421363,2.591803835179361,13.985205173492432,4.588235752590341,30.2027,3.448,1.4924545569482814,3.3940901415874807
3300056911,339,85,1.904288794285376,1.9455284676555609,10.449193954467772,3.131070286565258,29.8631,5.1749,1.8204926880509276,3.722893999158976
3300056911,339,86,1.904288794285376,1.9455284676555609,10.449193954467772,3.131070286565258,29.5371,4.4968,1.7041661047347292,3.277903497080483
3300056911,339,87,1.7420036467193185,1.775026352522482,8.225728750228882,2.8223710255388723,29.5371,4.4968,1.7041661047347292,3.0491139984783944
3300056911,339,88,2.5148555841859705,2.5526666136639444,13.902455806732178,4.634827480225248,28.3001,3.5711,1.5197538761612814,3.1603024807164735
3300056911,339,89,3.06991250564888,3.1572149309267883,14.815993785858154,5.810531249080627,28.3001,3.5711,1.5197538761612814,2.8307170328990994
3300056911,339,90,2.757399081006255,2.843488359190858,17.04394817352295,5.307162069995905,27.5073,3.4436,1.4914648587254302,3.0585416532621155
3300056911,339,91,3.1532223554413426,3.222177904839313,18.72467803955078,5.173428636453334,27.5073,3.4436,1.4914648587254302,3.2366561487794296
3300056911,339,92,3.1532223554413426,3.222177904839313,18.72467803955078,5.173428636453334,26.8216,3.8622,1.5814910103831499,3.22317764801167
3300056911,339,93,2.109465312361885,2.202186638190229,10.54990005493164,3.613356602526644,26.0163,3.0246,1.3924255270501307,2.2627989162025957
3300056911,339,94,1.3482060401109763,1.579875993621186,6.758382320404053,2.449955387256636,25.7946,5.0928,1.8071077461748546,3.433152066502866
3300056911,339,95,1.4041894644350776,1.6376420903027484,7.634884595870972,3.221450771554468,25.0712,5.1389,1.814645573014756,3.3848635802468463
3300056911,339,96,2.236195580448163,2.507151472235427,11.115904331207275,4.541280143026579,25.0712,5.1389,1.814645573014756,3.6112358550735637
3300056911,339,97,1.2022772136655615,1.5161145913301155,7.048006296157837,2.480752236320728,25.0712,5.1389,1.814645573014756,3.5843492538594424
3300056911,339,98,2.0602270940613945,2.3104459733647653,10.7102370262146,3.887279836440032,24.8099,4.065,1.6223541377006467,3.3527939895460577
3300056911,339,99,2.0602270940613945,2.3104459733647653,10.7102370262146,3.887279836440032,24.8099,4.065,1.6223541377006467,3.3527939895460577
3300056911,339,100,1.831475735828176,2.053444467236523,9.843984603881836,3.649507006621537,23.8976,4.4433,1.6943854945968,3.3797409368715003
3300056911,339,101,1.4764566516935134,1.569809868162554,8.11941123008728,2.624904556222599,23.8976,4.4433,1.6943854945968,3.1324990911201995
3300056911,339,102,1.8491015376491773,1.881700625178855,9.5693998336792,3.1152821822751653,23.8976,4.4433,1.6943854945968,3.2118312848925425
3300056911,339,103,1.7023513933228696,1.749260600323517,9.006238460540771,2.750543551040264,23.2953,3.8581,1.580647414970838,3.23892037180236
3300056911,339,104,1.7023513933228696,1.749260600323517,9.006238460540771,2.750543551040264,23.2953,3.8581,1.580647414970838,3.23892037180236
3300056911,339,105,1.9638263436052663,2.0048079135169963,10.675446033477783,3.164141147947602,23.2953,3.8581,1.580647414970838,3.1356761302144704
3300056911,339,106,2.596975948095525,2.95879253047477,15.449634075164797,4.29324903836073,22.832,3.0538,1.399654712821727,2.817980252409364
5361729629,342,1,0.0434098544863651,0.09081924856507,0.173878900706768,8.255109521323577,34.2186,1.7374,1.0070085647950289,1.9008716153943896
5361729629,342,2,0.0212531221562649,0.0269838264513455,0.1061678789556026,0.0378202527114172,34.2186,1.7374,1.0070085647950289,1.6481522728771236
5361729629,342,3,0.0193830561265996,0.0261133038610332,0.0927005037665367,0.0377289763750402,34.2186,1.7374,1.0070085647950289,1.6481522728771236
5361729629,342,4,0.3336427149046932,0.3399506089264705,2.3743746876716614,0.4721508400902887,34.2186,1.7374,1.0070085647950289,1.7044559044761876
5361729629,342,5,0.3336427149046932,0.3399506089264705,2.3743746876716614,0.4721508400902887,34.2186,1.7374,1.0070085647950289,1.7044559044761876
5361729629,342,6,0.879849512277344,1.671415529919236,3.317016869783401,1.6843678278922956,36.5073,2.4583,1.2407771388479842,2.3404951929181776
5361729629,342,7,0.8328458381898153,2.774736930986936,4.513668790459633,2.971518571461256,36.5073,2.4583,1.2407771388479842,2.251290269756039
5361729629,342,8,0.9853072586386288,2.4488212186535674,5.844096899032593,2.821293159088832,36.5073,2.4583,1.2407771388479842,2.394750617897627
5361729629,342,9,1.4486658693127905,2.3614955711774104,7.563208341598511,2.904867611996028,36.5073,2.4583,1.2407771388479842,2.5842052644267812
5361729629,342,10,2.731687548721873,3.065479536396877,14.439505100250244,5.015035392532577,36.5073,2.4583,1.2407771388479842,2.4615858483910884
5361729629,342,11,2.731687548721873,3.065479536396877,14.439505100250244,5.015035392532577,36.8528,2.0951,1.1298202157923027,2.4059909497331047
5361729629,342,12,1.9529031382208573,2.036875421246988,10.425626277923584,3.3616148600224545,36.8528,2.0951,1.1298202157923027,2.3611231475774437
5361729629,342,13,1.830650306943037,1.8764159665764195,8.994192838668823,2.9718834073249742,37.061,1.9523,1.0825845275909125,2.088706279867261
5361729629,342,14,1.8275700699789248,1.840338902854744,9.95202350616455,2.9684542970574688,37.061,1.9523,1.0825845275909125,2.0981086710352925
5361729629,342,15,2.591027499945372,2.600685550247489,14.125041961669922,4.066403883171102,37.2654,1.9237,1.0728499374446698,2.1635575283184094
5361729629,342,16,2.470723126491369,2.4707365030777275,13.55664348602295,4.319397233512047,37.2654,1.9237,1.0728499374446698,2.147507075699476
5361729629,342,17,2.470723126491369,2.4707365030777275,13.55664348602295,4.319397233512047,37.5239,2.4021,1.2243928880154997,2.172495625137817
5361729629,342,18,2.184295133330178,2.2668090133225403,11.794211387634276,3.688661468347322,37.6307,1.9441,1.0798031676810553,1.947479050376499
5361729629,342,19,1.9473406694783004,1.9922923495700589,11.353079795837402,3.7371120862565217,37.8066,1.8842,1.0592475651458328,2.1919978304572956
5361729629,342,20,2.138063402041038,2.191223536355196,11.141567707061768,3.8141612502376736,37.0681,2.0005,1.0987789414474305,2.0924998754122393
5361729629,342,21,1.7622390920731914,1.7938302556896657,9.463232040405272,3.1420751492893584,37.0681,2.0005,1.0987789414474305,2.3838962722464
5361729629,342,22,2.3618097192942216,2.362455373594734,12.071789264678957,3.751636296871227,37.0681,2.0005,1.0987789414474305,2.007256542223296
5361729629,342,23,2.3618097192942216,2.362455373594734,12.071789264678957,3.751636296871227,36.1321,2.1134,1.135715376619612,2.083164965097613
5361729629,342,24,1.932043849065724,1.9408364624359085,11.277438163757324,3.640876006630329,36.1321,2.1134,1.135715376619612,2.3198261933334647
5361729629,342,25,2.4009477226366163,2.454889684001863,12.91073226928711,4.40275784057345,35.2048,1.9761,1.0906137185568434,2.25931873835216
5361729629,342,26,2.686917080322594,2.741440211006791,14.966454029083252,4.564545325131864,35.2048,1.9761,1.0906137185568434,2.0983463670417404
5361729629,342,27,4.112030454482315,4.14003736203396,19.029788970947266,6.75190803290604,35.2048,1.9761,1.0906137185568434,2.411164617931326
5361729629,342,28,2.187531558427296,2.2643887227097967,11.177256107330322,3.686594166249659,34.7639,1.9171,1.0705899720943433,2.00078107101959
5361729629,342,29,2.187531558427296,2.2643887227097967,11.177256107330322,3.686594166249659,34.3499,1.9843,1.0933652134811196,2.0165964619622714
5361729629,342,30,1.894537542683383,2.311307473403963,10.855759620666504,3.597270241049656,34.1315,1.9103,1.0682561686532106,2.0274210318553796
5361729629,342,31,1.7970308091608904,2.229875376018629,9.065345525741575,3.38715167699455,34.1315,1.9103,1.0682561686532106,2.141890544577459
5361729629,342,32,2.106899999324661,2.263058261974988,11.118971824645996,3.722593343108175,34.1315,1.9103,1.0682561686532106,2.0187768079150747
5361729629,342,33,1.7226072156255816,1.818746063399668,9.8491473197937,3.030048537947632,34.0943,2.1226,1.1386659881252827,2.202136165457477
5361729629,342,34,2.170781963982472,2.215524662968327,11.687071323394775,3.455761575233621,34.0943,2.1226,1.1386659881252827,2.1516681913906512
5361729629,342,35,2.880029158072161,2.904717061753529,13.707104206085203,4.834380850005027,32.8311,3.4503,1.4929715096361478,3.4167531350727574
5361729629,342,36,2.880029158072161,2.904717061753529,13.707104206085203,4.834380850005027,32.8311,3.4503,1.4929715096361478,3.4167531350727574
5361729629,342,37,2.1357469876328063,2.153342385223936,12.444162368774414,3.5236580099382824,30.6302,1.9207,1.071823313577895,2.1189977739333417
5361729629,342,38,2.153464692720895,2.160559601595767,11.425280094146729,3.57946499048933,28.2889,2.1354,1.1427567576522937,2.049199976435506
5361729629,342,39,2.1112582910292463,2.1704527873561235,12.155436992645264,3.422307422392779,30.5064,2.0609,1.1187089903672323,2.150713711835133
5361729629,342,40,1.951453985830538,1.969212024377974,12.025850772857666,3.206576474895184,30.5064,2.0609,1.1187089903672323,2.3165899465866917
5361729629,342,41,1.9428750886663384,1.9570338566482703,12.178406238555908,3.2101951803072084,32.0713,2.714,1.3121094629305141,2.5732044889916694
5361729629,342,42,1.9428750886663384,1.9570338566482703,12.178406238555908,3.2101951803072084,33.8121,2.9553,1.375056451693087,2.667136243923298
5361729629,342,43,2.2611460625398783,2.261191468124278,11.55778455734253,3.452444495191413,35.9711,2.5527,1.267707877785846,2.2563798247367175
5361729629,342,44,2.149329047417906,2.152371546057417,12.13007354736328,3.35727616762349,36.1295,1.9055,1.0666054925330233,2.071565579967384
5361729629,342,45,1.8681795823785243,1.8770082360548064,10.98392391204834,3.039630268578009,36.2168,2.7382,1.3186042121499404,2.7493205821997546
5361729629,342,46,1.7701851797786874,1.777479048979137,9.74859094619751,2.9211461970057533,36.2777,2.1748,1.1552446382345833,2.5288801340814477
5361729629,342,47,2.2181263396515947,2.245390742044452,10.85516119003296,3.508442584752953,36.2777,2.1748,1.1552446382345833,2.2710066527401156
5361729629,342,48,2.2181263396515947,2.245390742044452,10.85516119003296,3.508442584752953,36.2711,2.4178,1.2289970692306715,2.2835308756476507
5361729629,342,49,2.2730187702829587,2.284493575059956,13.383662223815918,3.506930458274938,36.1931,1.9014,1.0651933791226647,2.0000091038938375
5361729629,342,50,2.3976126289410744,2.4024379555972235,11.86147403717041,3.650439714422959,36.0875,2.1759,1.1555910567430945,2.0665973325938816
5361729629,342,51,2.1498415170665868,2.149844234339121,11.878158569335938,3.345953002598982,36.0875,2.1759,1.1555910567430945,2.1250891086859496
5361729629,342,52,2.30019032296962,2.312198175529279,13.923779487609863,3.705299538334087,36.4857,1.6447,0.9725576373274577,1.901164607340169
5361729629,342,53,2.381869030164609,2.390611058833156,12.191574096679688,3.6711044749956687,36.8486,1.5934,0.9529697561326468,1.8139036485495321
5361729629,342,54,2.234254554983041,2.248811367175201,11.494263172149658,3.324966244520953,36.9562,1.6705,0.982265720797688,1.8475404879453805
5361729629,342,55,2.234254554983041,2.248811367175201,11.494263172149658,3.324966244520953,37.1051,1.8209,1.0370559829690038,1.8551361331824516
5361729629,342,56,1.9572641588586257,1.9705480219942408,10.96454620361328,2.972481547111565,37.1304,2.9305,1.3687666442516742,2.7077579135940484
5361729629,342,57,2.1622048782706083,2.1678735483666745,10.758495330810549,3.43657007242964,37.1921,1.8338,1.0416185671479894,1.9845715015030363
5361729629,342,58,2.208787035181879,2.2149016259297976,13.904177188873293,3.5575115275648583,37.3228,1.9229,1.0725762741172682,1.961745711497573
5361729629,342,59,2.024714630351261,2.035049427254841,10.84431219100952,3.259222353082877,37.4532,2.1292,1.1407773808287884,2.26572811545728
5361729629,342,60,2.147120402653795,2.1502455173558013,10.5190749168396,3.2346672644206147,37.5837,1.7604,1.0153755967643097,1.812618813741044
5361729629,342,61,2.147120402653795,2.1502455173558013,10.5190749168396,3.2346672644206147,37.5837,1.7604,1.0153755967643097,1.812618813741044
5361729629,342,62,2.155204246556897,2.1552488786652155,9.960402488708496,3.337144275584613,37.5837,1.7604,1.0153755967643097,1.9976072793529709
5361729629,342,63,2.3854133227077425,2.387384062920881,12.048894882202148,3.748051804184251,37.5933,1.7859,1.024570980958931,1.9017415693667763
5361729629,342,64,2.5176792646739803,2.517680753468761,12.014029026031494,4.110160162213863,37.6118,1.8645,1.0523938148664955,2.2087218152099157
5361729629,342,65,2.289305250540849,2.2993822735930864,13.05176591873169,3.6795723109068224,37.6118,1.8645,1.0523938148664955,1.8522281389786235
5361729629,342,66,2.592242474897457,2.612908077274808,15.819313526153564,4.152756334833279,37.7092,1.9803,1.0920239665912534,2.184796254356246
5361729629,342,67,2.1360065630541856,2.172917988429289,12.918139457702637,3.5002944902988884,37.8864,2.5541,1.2681018666466861,2.237787095710699
5361729629,342,68,2.1360065630541856,2.172917988429289,12.918139457702637,3.5002944902988884,37.9567,2.1275,1.1402339633589291,2.2789158080893386
5361729629,342,69,2.1327036562291326,2.1736615020429104,11.22132396697998,3.5098363006478013,37.8173,1.8107,1.033433562643115,2.026255370845973
5361729629,342,70,1.8273658029323416,1.894189215601825,10.550049781799316,2.9055417134419668,37.8173,1.8107,1.033433562643115,2.0398087325429985
5361729629,342,71,2.805753418318048,2.85543092521524,13.71009635925293,4.203178413802067,37.5987,2.0288,1.1081665014729214,2.31962246119652
5361729629,342,72,1.910108874898084,2.0136494966859297,10.160767555236816,3.3396998771945525,37.5987,2.0288,1.1081665014729214,2.1613168869823975
5361729629,342,73,1.910108874898084,2.0136494966859297,10.160767555236816,3.3396998771945525,37.1811,2.0565,1.1172704704866432,2.1695230390356417
5361729629,342,74,2.36660962536323,2.4390616278625075,14.093244075775146,3.9823353287685546,36.0896,1.8952,1.0630541932673956,2.234245411698776
5361729629,342,75,2.224214934941587,2.286938794947264,13.059547424316406,3.5119805343876207,35.4882,2.035,1.1102114245114616,2.0174840395077025
5361729629,342,76,1.7429048976884678,1.844378869676424,8.267178535461426,3.162290613011615,34.4332,1.7533,1.0128001922539622,2.127185369380651
5361729629,342,77,3.8349807849624034,3.882967091142111,22.02867603302002,6.873641176020804,33.8652,1.8523,1.0481256863608521,2.7199104335802344
5361729629,342,78,2.60439719884752,2.7424437376222968,22.49846267700196,4.295667088154021,33.2161,2.1478,1.1467037961353637,2.28811191467039
5361729629,342,79,2.60439719884752,2.7424437376222968,22.49846267700196,4.295667088154021,32.7229,2.0772,1.1240200926026425,2.3897929365394917
5361729629,342,80,1.7679605900486923,1.9046002618751887,9.998635292053224,3.033450394486089,32.0576,2.2122,1.1669560606466598,2.4481002118797455
5361729629,342,81,1.5955621306975307,1.8057748635291344,8.094870567321777,2.6693216350608915,32.0576,2.2122,1.1669560606466598,2.5543802773962465
5361729629,342,82,1.4655224584016628,1.6230851966192423,8.870142936706543,2.333338342762406,32.0576,2.2122,1.1669560606466598,2.5807195359996453
5361729629,342,83,1.2204009662547746,1.4071156698094598,7.4040687084198,2.2046617733274587,32.0864,1.8039,1.0310113051983032,2.358096535431621
5361729629,342,84,1.2740449897180106,1.3347022518842175,7.736114501953125,2.276970299677512,32.4558,2.1941,1.1613053580065331,2.2389620476327754
5361729629,342,85,1.2740449897180106,1.3347022518842175,7.736114501953125,2.276970299677512,32.4558,2.1941,1.1613053580065331,2.2389620476327754
5361729629,342,86,1.307384472817553,1.319580452256398,6.118157863616943,2.2437870379796814,33.2806,1.9395,1.0782394988601725,2.043723928347674
5361729629,342,87,2.3909863173510755,2.391276780343868,11.811195373535156,3.736830112542207,34.0372,2.0848,1.1264868254340894,2.115650286664078
5361729629,342,88,2.326905641801625,2.3317742300759243,12.085705757141112,3.852361323693821,34.8244,1.7876,1.0251810105822268,2.1656473436706967
5361729629,342,89,2.6754789864588746,2.691254923908566,13.104662895202637,4.247103892506026,35.614,1.8749,1.0560178910356892,2.439396162613573
5361729629,342,90,1.8484837193730053,1.8800707065769704,10.255338668823242,3.14588608021558,35.4051,1.9162,1.070281398900048,2.2163430207125785
5361729629,342,91,1.8471049772654848,1.924566986054427,9.62446665763855,3.1332802932277213,35.3365,2.1259,1.1397222417243258,2.207847277899455
5361729629,342,92,1.8471049772654848,1.924566986054427,9.62446665763855,3.1332802932277213,35.4638,2.14,1.144222799920162,2.2066667418832875
5361729629,342,93,1.4709121499368292,1.5420334309604833,8.42235255241394,2.4163790679375605,35.6375,1.7941,1.027510051174961,2.175349218296114
5361729629,342,94,1.499904389546078,1.5433509744780165,9.509843826293944,2.561883111658638,33.9271,1.9812,1.0923259040254019,2.5502434850586413
5361729629,342,95,1.4782331921935354,1.528438016756055,8.244433403015137,2.4927688725218635,33.0393,1.9221,1.0723025358777487,2.228624742070706
5361729629,342,96,1.522129713042372,1.5472811368780988,7.724442958831787,2.305891348473248,31.8547,2.1242,1.1391782504147714,2.458403993875615
5361729629,342,97,1.3043596303928957,1.3045583806575696,7.390302181243896,2.097098418912556,30.8123,3.978,1.6050282039454002,3.038927412937693
5361729629,342,98,1.283412765234079,1.2989848728823448,7.109058380126953,2.0000956421576825,30.3182,2.1844,1.1582638882322862,2.312643314605488
5361729629,342,99,1.283412765234079,1.2989848728823448,7.109058380126953,2.0000956421576825,30.7286,2.03,1.1085626195212777,2.366100810200725
5361729629,342,100,1.619606705703425,1.6521861367542363,8.675539493560791,2.489862468489596,33.0769,1.678,0.9850702472689807,2.417163119505423
5361729629,342,101,1.9845063826732283,2.3028530461868724,10.972476959228516,3.372604421272302,33.0769,1.678,0.9850702472689807,1.7906995299862714
5361729629,342,102,1.675143484638261,2.426798256050576,9.025317430496216,3.3322986379486736,32.8111,2.1735,1.1548350797643878,2.0465075701559683
5361729629,342,103,1.9827009844111352,3.356453398008372,9.108067154884338,4.309745338884745,32.8111,2.1735,1.1548350797643878,2.510287904509939
5361729629,342,104,0.9269796767230354,3.097345249783448,4.833893239498138,3.39445139996454,32.9617,1.6863,0.9881647821098732,1.8737698354165948
5361729629,342,105,0.9269796767230354,3.097345249783448,4.833893239498138,3.39445139996454,32.8468,1.8015,1.0301549880232022,1.885209978842897
5665902180,343,11,2.80110480220174,2.953578476926423,16.10362482070923,5.121923463810525,7.9066,0.0,0.0,0.26217976886825267
5665902180,343,12,2.464046929427679,2.4746965114961195,16.402451515197754,4.0392732750549145,7.9066,0.0,0.0,0.09679493172064621
5665902180,343,13,1.8301845786990671,1.8353867888483413,10.770241260528564,3.094574513385423,7.9066,0.0,0.0,0.01374835372001508
5665902180,343,14,1.7585371225677169,1.80894696004302,8.936208486557007,3.0756043488521634,21.822,1.9183,1.0710012549599275,2.4184399675706993
5665902180,343,15,1.7585371225677169,1.80894696004302,8.936208486557007,3.0756043488521634,28.4361,1.8891,1.0609450349383514,1.9431874880583253
5665902180,343,16,1.4178833978903582,1.4821789637671694,6.517615556716919,2.562225396523775,28.4361,1.8891,1.0609450349383514,2.0356826715090164
5665902180,343,17,1.568455040378988,1.5718122972657247,8.04429292678833,2.499038714796453,31.2971,2.7642,1.3255353552743268,2.920566140991696
5665902180,343,18,1.6180145604730092,1.6515411046247206,9.091083288192747,2.657778909392773,31.6931,7.5055,2.1407130130675003,3.932956717812166
5665902180,343,19,1.7396079728943374,1.8080298725468944,9.271546125411987,2.996827333372151,31.4029,3.2197,1.4397640354735097,2.837270168187263
5665902180,343,20,1.6744530743804271,1.7760566428781808,8.463428020477295,2.5447731887998306,31.1204,3.4398,1.4906093303845298,3.2316194162311405
5665902180,343,21,1.6744530743804271,1.7760566428781808,8.463428020477295,2.5447731887998306,31.1204,3.4398,1.4906093303845298,3.2316194162311405
5665902180,343,22,2.43396646441822,2.4956029812650367,13.712042331695557,4.3330763705631306,30.2887,3.4894,1.501719062535308,3.2331310860259013
5665902180,343,23,1.5593505505371457,1.6459822297864637,8.61007308959961,2.368428463877096,30.3553,5.1783,1.8210431527217583,3.332147985042252
5665902180,343,24,1.566194675430857,1.6315919045289924,8.201786994934082,2.635189768923487,31.5856,3.4515,1.4932411180315888,3.2639432561911335
5665902180,343,25,1.594063224642562,1.6630809854839266,9.720159530639648,2.7856239659037536,35.4841,1.8458,1.045844223129454,2.259701162241987
5665902180,343,26,2.434798827936389,2.488056316319254,13.715708255767822,4.078670089776704,35.4841,1.8458,1.045844223129454,2.0697393571483405
5665902180,343,27,2.434798827936389,2.488056316319254,13.715708255767822,4.078670089776704,36.8958,2.0669,1.120667279448941,2.039964332670003
5665902180,343,28,2.7294504686973475,2.768655677026944,15.591490745544434,4.526942180980429,37.7901,1.685,0.9876807279608281,1.9707925527084078
5665902180,343,29,2.2268423524504555,2.2878451129568225,13.113865852355955,3.566124507374649,37.7901,1.685,0.9876807279608281,1.835971021334442
5665902180,343,30,2.513251715612271,2.5446798092700083,12.33672285079956,3.971345206666415,38.5609,2.8717,1.3536936870738085,3.0031904304485915
5665902180,343,31,1.7594207190255966,1.822108513381928,9.115249633789062,2.998666664970832,38.5609,2.8717,1.3536936870738085,2.8506349538930635
5665902180,343,32,1.80737759900488,1.8796604322154955,9.37008285522461,3.0126971144951464,38.9419,1.8256,1.0387207314275038,2.6038283897186445
5665902180,343,33,1.80737759900488,1.8796604322154955,9.37008285522461,3.0126971144951464,38.9879,2.1813,1.1572899182855214,2.611335592151141
5665902180,343,34,2.085788578334125,2.153790119950209,10.3418288230896,3.7376121250295737,38.9969,3.6069,1.5275551796187852,4.159472093828158
5665902180,343,35,2.18822216654956,2.232777794663139,13.36159086227417,3.50597904053676,39.1767,2.5825,1.2760608807201899,3.068806996176674
5665902180,343,36,2.153714880069047,2.281551709784536,10.104204654693604,3.740352608707524,39.1767,2.5825,1.2760608807201899,3.2046404849279693
5665902180,343,37,2.582570740960111,2.641947042269647,14.193800449371338,3.9668635764811726,39.174,5.2648,1.8349466644545909,3.9307821202264845
5665902180,343,38,2.059496479727976,2.1589382651105686,11.206883907318115,3.730246405321053,39.174,5.2648,1.8349466644545909,4.7863293329934695
5665902180,343,39,2.059496479727976,2.1589382651105686,11.206883907318115,3.730246405321053,39.0583,6.7873,2.052494201600793,4.8453340554312305
5665902180,343,40,1.9190966940740355,1.9581481256245488,9.511415004730225,3.1423407179070786,38.9257,5.3942,1.8553913294728284,4.349032283615285
5665902180,343,41,2.072574567097585,2.134733533327835,9.790189743041992,3.2831366364505707,38.9257,5.3942,1.8553913294728284,4.319220502546605
5665902180,343,42,1.6828294256257446,1.751538590076711,9.382951259613035,2.7771252150826515,38.8708,5.9671,1.9411990693251941,4.310386311917961
5665902180,343,43,1.919385992869601,1.9797325755058688,10.200421333312988,2.970587694832124,38.9888,4.6079,1.7241763179042586,4.3239747264804045
5665902180,343,44,1.3505395088764125,1.4479183240735674,7.697657823562622,2.285471327895511,38.9888,4.6079,1.7241763179042586,5.087975022231894
5665902180,343,45,1.3505395088764125,1.4479183240735674,7.697657823562622,2.285471327895511,39.2689,6.3331,1.9923983460021788,5.185871823540384
5665902180,343,46,1.4281386954368969,1.5323720826230594,8.827122449874878,2.3088661471102787,39.2689,6.3331,1.9923983460021788,5.238350468686308
5665902180,343,47,1.656948684880131,1.7679036150721554,9.94947910308838,2.7672186579089244,39.5876,2.2118,1.1668315276452537,3.0512656249850645
5665902180,343,48,1.622959418812561,1.7653864631399032,8.255357027053833,2.551894345854412,39.669,3.0367,1.3954275265011125,3.1301782549182082
5665902180,343,49,1.4920573875485452,1.656586482377414,8.702773571014404,2.6548889422807944,39.9009,6.0397,1.9515655556256006,4.416117711299604
5665902180,343,50,1.5554202073395955,1.7845271935391045,9.0566668510437,2.680430138439176,40.353,3.2715,1.451965053609536,3.2505837018912054
5665902180,343,51,1.5554202073395955,1.7845271935391045,9.0566668510437,2.680430138439176,40.353,3.2715,1.451965053609536,3.2505837018912054
5665902180,343,52,2.125558090172889,2.375319987948848,15.338603019714355,3.295265349673953,40.8499,3.6946,1.5464129120126497,3.378630398386923
5665902180,343,53,1.6835440942203987,2.02267606436139,8.702100276947021,3.046956921628833,41.1922,3.2653,1.4505125184464556,3.4563935054377666
5665902180,343,54,1.8535291213259224,2.0431878874932226,11.158326625823976,2.994150018711015,41.9011,4.9897,1.790041327400685,4.229013169734419
5665902180,343,55,1.920570777300454,2.035210487007143,10.231695652008057,3.4746357282442184,41.7941,4.4649,1.6983458231994215,4.098848310538377
5665902180,343,56,2.01792781080929,2.119186551225596,9.146673679351808,3.368558944094941,41.7941,4.4649,1.6983458231994215,3.672041175076859
5665902180,343,57,2.01792781080929,2.119186551225596,9.146673679351808,3.368558944094941,41.7812,2.7014,1.308711126461511,3.472938161509804
5665902180,343,58,2.452107739651518,2.596224882052685,12.825364112854004,3.8710165514075823,41.7812,2.7014,1.308711126461511,3.2457191023368166
5665902180,343,59,2.28238455547992,2.384601086607582,13.891158103942873,3.418594186637154,41.7795,3.2542,1.4479067302474131,3.1774467552501484
5665902180,343,60,1.654522455372729,1.822191086847688,10.06851601600647,2.6821888443274795,41.7795,3.2542,1.4479067302474131,3.2731551557043153
5665902180,343,61,1.273527508094797,1.6499379847040485,7.343241214752197,2.333086322462482,41.7795,3.2542,1.4479067302474131,3.554965203565385
5665902180,343,62,1.4172497090671434,1.797231021384443,8.943764686584473,2.5763647813813595,41.6076,4.1602,1.6409753384322565,3.3929017976813203
5665902180,343,63,1.4172497090671434,1.797231021384443,8.943764686584473,2.5763647813813595,41.2965,2.2184,1.1688843416534413,3.0959612199642494
5665902180,343,64,1.505098373942885,1.854344652201377,8.43776559829712,2.88533839195156,41.0188,2.7865,1.3314421095717404,3.0591025450591767
5665902180,343,65,1.6341072718784737,1.7255964759365443,8.598027229309082,3.233169304418241,40.9849,4.1604,1.6410140958688444,3.746606206450676
5665902180,343,66,1.767752968544536,1.76786158035606,8.919448375701904,3.284769788323775,40.9849,4.1604,1.6410140958688444,3.8173211148617554
5665902180,343,67,1.3378045390281932,1.3393712324553857,6.784045219421387,2.705662384421601,41.0682,4.1423,1.6375004501989838,4.154049782802069
5665902180,343,68,1.3378045390281932,1.3393712324553857,6.784045219421387,2.705662384421601,41.0682,4.1423,1.6375004501989838,4.154049782802069
5665902180,343,69,1.33625590542865,1.3789158052561197,8.239346027374268,2.095862607375677,40.9111,4.0074,1.6109168183134996,4.307670505624461
5665902180,343,70,1.5822099851180695,1.6978952211891372,8.969502449035645,2.5573213018662835,41.0101,2.9725,1.379395619428734,3.1982307242770416
5665902180,343,71,1.5186604888679671,1.7085864665177075,8.646734237670898,3.0480122921134742,41.0101,2.9725,1.379395619428734,3.3289607988140215
5665902180,343,72,1.7461758176937063,1.8351677104529405,10.902072429656982,3.378247152598183,41.0233,4.0455,1.6184967569224464,3.8723743005815603
5665902180,343,73,1.7578869147020253,1.7958562519075754,8.773178339004517,2.959240832663716,41.154,4.2825,1.6643994705080747,3.688223992522513
5665902180,343,74,1.494944191313296,1.6200030121024385,7.819836616516113,2.427946902753672,41.2764,2.1753,1.1554021160699035,2.6146751328784963
5665902180,343,75,1.494944191313296,1.6200030121024385,7.819836616516113,2.427946902753672,41.2764,2.1753,1.1554021160699035,2.6146751328784963
5665902180,343,76,1.4829648071463335,1.8493822348993003,7.633538007736206,2.545070873910249,41.2764,2.1753,1.1554021160699035,2.6861865763642645
5665902180,343,77,1.5123736040701374,1.940984950515778,7.072995662689209,2.9864233321069897,41.6662,3.9677,1.6029569563344113,3.5851761243038274
5665902180,343,78,1.5986807673758263,1.7117743900803684,8.52911901473999,2.4363727902954224,41.6155,3.9982,1.6090778476185443,3.5737673909706675
5665902180,343,79,1.1156650090246776,1.1972465460068034,5.247491359710693,1.964858437818909,42.2512,2.2501,1.1786857650990523,2.9714090060495173
5665902180,343,80,1.1156650090246776,1.1972465460068034,5.247491359710693,1.964858437818909,42.5183,3.8432,1.577575659285317,3.0494365929416833
5665902180,343,81,1.505241287792674,1.6298310377574745,8.425719499588013,2.355062906231708,42.5183,3.8432,1.577575659285317,3.641763762079047
5665902180,343,82,1.2499930587832444,1.497868350078946,7.390301942825317,2.1473648725337005,42.7048,7.1593,2.0991583809826055,5.282714498165761
5665902180,343,83,1.3429509510784976,1.5780940772271277,7.45838737487793,2.2877978345009296,42.7048,7.1593,2.0991583809826055,5.579158459210191
5665902180,343,84,1.643973318983146,1.860017316676942,8.310872554779053,2.612862791034132,42.0088,3.9552,1.6004375302368012,3.5018486991745696
5665902180,343,85,1.5384240808845095,2.222208828276129,7.238420009613037,2.8317856194791293,41.2353,3.2512,1.447201296023412,3.238538739892271
5665902180,343,86,1.5384240808845095,2.222208828276129,7.238420009613037,2.8317856194791293,41.2353,3.2512,1.447201296023412,3.238538739892271
5665902180,343,87,1.4668467102915004,1.8093246827751808,6.753593921661377,2.720133968650689,40.7345,5.4265,1.8604300665680495,4.1516834067114665
5665902180,343,88,1.6209677615471358,1.882373703144804,9.21019458770752,3.2664712915680614,40.1491,3.6282,1.5321680236094342,3.466970155212029
5665902180,343,89,2.667790397400188,2.824730601268993,12.543147563934326,4.340483011537789,39.6125,4.8381,1.7644054014390405,3.789443943122313
5665902180,343,90,1.413131676232401,1.5785074804201409,7.831658124923706,2.824664492387105,38.9259,5.0355,1.7976587011590448,4.971605023330725
5665902180,343,91,1.413131676232401,1.5785074804201409,7.831658124923706,2.824664492387105,38.9259,5.0355,1.7976587011590448,4.971605023330725
5665902180,343,92,1.1838348742326703,1.293856625245923,6.452298879623413,2.2951326996256247,38.0344,4.42,1.6900958154515549,3.532204298801501
5665902180,343,93,1.496655575068776,1.597497245256236,8.145897388458252,2.6627222049553305,36.6313,7.476,2.1372386404060526,5.091566835630851
5665902180,343,94,1.5338222440247606,1.6242552987932422,9.627309322357178,2.6652828628369685,36.2075,4.3072,1.669064389210651,4.109227962627747
5665902180,343,95,1.3725218825725924,1.4647592414169115,6.7037646770477295,2.259530126279872,35.9912,2.1879,1.159362392807387,2.251202837565757
5665902180,343,96,1.3725218825725924,1.4647592414169115,6.7037646770477295,2.259530126279872,35.9912,2.1879,1.159362392807387,2.251202837565757
5665902180,343,97,1.4442619331727256,1.5311653931145524,7.806369304656982,2.5960289399049787,36.0475,2.6713,1.3005458227774125,2.860261487626334
5665902180,343,98,1.4554713943073008,1.5684489878673766,8.883835077285767,2.4277350557692965,36.108,2.8051,1.3363422721772398,2.9053605847577324
5665902180,343,99,1.3368511037512767,1.4331916177117288,7.901987791061401,2.2207831188859224,36.108,2.8051,1.3363422721772398,2.942185815857543
5665902180,343,100,1.1540357327248727,1.27592335394353,5.677101135253906,1.988122160122401,35.901,2.2867,1.1898840218828344,2.2313490762648516
5665902180,343,101,1.6293448168328553,1.723618770472915,10.7125563621521,2.765870229922275,35.901,2.2867,1.1898840218828344,2.2970660552684508
5665902180,343,102,1.6293448168328553,1.723618770472915,10.7125563621521,2.765870229922275,35.3795,2.0176,1.1044618134570012,2.230304311757374
5665902180,343,103,1.2805900752727402,1.443592685591285,8.947057247161865,2.3140482079157825,35.3795,2.0176,1.1044618134570012,2.292147577479947
5665902180,343,104,1.9616596999801788,2.064009420260333,10.233566284179688,3.654388336243458,35.3795,2.0176,1.1044618134570012,2.2587029910289846
5665902180,343,105,1.5312448373527856,1.6456117923712723,7.492953300476074,2.354152496626384,35.3795,2.0176,1.1044618134570012,2.281396474900277
5665902180,343,106,1.361724007103684,1.458610900299293,7.081674337387085,2.277499938780663,35.3795,2.0176,1.1044618134570012,2.276441976175872
5665902180,343,107,1.57442846629776,1.6093687214798502,10.405499935150146,2.4639997775963285,34.9898,2.8025,1.3356587451513109,2.657903061487702
5665902180,343,108,1.57442846629776,1.6093687214798502,10.405499935150146,2.4639997775963285,34.0645,2.1792,1.1566295928154153,2.6847068577145605
5665902180,343,109,1.3775004398011403,1.43277542771923,8.485799074172974,2.254068689970053,32.8404,2.1094,1.1344297815335034,2.262179686675574
5665902180,343,110,1.3063524143105454,1.44553154993679,7.298499584197998,2.242635722842116,32.8404,2.1094,1.1344297815335034,2.3219667786380955
5665902180,343,111,1.5483581793095105,1.7950198555387522,10.008286952972412,2.585531305055641,32.8404,2.1094,1.1344297815335034,2.560072167313809
5665902180,343,112,1.3460078937843587,1.8462623237796016,7.49961256980896,2.4587976701217205,31.5127,2.1671,1.1528163426816218,2.3852169023254643
5665902180,343,113,1.3460078937843587,1.8462623237796016,7.49961256980896,2.4587976701217205,30.36,1.9772,1.0909832615036186,2.295653412599799
5665902180,343,114,1.2758068790071528,1.4938858001623,7.085265874862671,2.1914502094953363,29.2767,2.9812,1.3815832813897715,2.559260300741735
5665902180,343,115,1.567181564535969,2.786567325236171,7.911864042282104,3.535138857150576,28.5072,3.1001,1.4110113636567272,2.6724859292109095
5665902180,343,116,1.342038780593866,2.780169790926051,7.438485383987427,3.315828413757974,28.5072,3.1001,1.4110113636567272,2.7774225518107944
5665902180,343,117,0.9879761168132004,2.689822249121937,5.975553333759308,3.021377928824406,28.4702,1.9351,1.0767415242498932,2.1376089876691777
5665902180,343,118,0.842303005699985,4.093513274568596,4.501173973083496,4.267293528441745,28.0017,2.8754,1.354648883284345,2.546452449971515
5665902180,343,119,0.842303005699985,4.093513274568596,4.501173973083496,4.267293528441745,28.0017,2.8754,1.354648883284345,2.546452449971515
5665902180,343,120,1.315246132597841,3.2170832614221703,5.1275570541620255,3.3233402173951263,24.64,1.8815,1.0583109918945839,2.24338165403848
